City,State,Country,Property Type Cleaned,Sub-Area Cleaned,Company Name Cleaned,TownShip Name/ Society Name Cleaned,Description Cleaned,ClubHouse Cleaned,School / University in Township Cleaned,Hospital in TownShip Cleaned,Mall in TownShip Cleaned,Park / Jogging track Cleaned,Swimming Pool Cleaned,Gym Cleaned,Property Area in Sq. Ft. Cleaned,Price in lakhs Cleaned,Price by sub-area,Amenities score,Price by Amenities score,Noun_Counts,Verb_Counts,Adjective_Counts,boasts elegant,elegant towers,every day,great community,mantra gold,offering bedroom,quality specification,stories offering,towers stories,world class
pune,maharashtra,india,1.0,bavdhan,shapoorji paloonji,vanaha,shapoorji paloonji comunity located suburbs bavadhan locality situated pleasant environment around bhk property comes swimming pool parking facilty community also comes temples churches near devotional purposes,1,1,1,1,1,1,1,492.0,39.0,58.044000000000004,7,72.66666666666667,9,1,3,0,0,0,0,0,0,0,0,0,0
pune,maharashtra,india,2.0,bavdhan,shapoorji paloonji,vanaha,vanaha township located near lonavala hill range offers greenery filled environment friendly community comes bhk furnished affordable price,1,1,1,1,1,1,1,774.0,65.0,58.044000000000004,7,72.66666666666667,9,1,3,0,0,0,0,0,0,0,0,0,0
pune,maharashtra,india,3.0,bavdhan,shapoorji paloonji,vanaha,vanaha society suitable aged group people playareafor kids woodland teen park elderly person find serenity community also offers clubhouse gym facilities,1,1,1,1,1,1,1,889.0,74.0,58.044000000000004,7,72.66666666666667,9,1,3,0,0,0,0,0,0,0,0,0,0
pune,maharashtra,india,3.0,bavdhan,shapoorji paloonji,vanaha,vanaha township offering bhk grand prpoerties bavdhan area newly launched podium level amenities speak language great design functionality,1,1,1,1,1,1,1,1018.0,89.0,58.044000000000004,7,72.66666666666667,8,1,3,0,0,0,0,0,0,0,0,0,0
pune,maharashtra,india,2.0,mahalunge,godrej properties,godrej hills retreat,area hub prestigious schools like bishop high school vibgyor intl school boston world school also offers quick access important highways bengaluru solapur mumbai expressway,1,1,1,1,1,1,1,743.0,74.0,73.55555555555556,7,72.66666666666667,12,1,6,0,0,0,0,0,0,0,0,0,0
pune,maharashtra,india,3.0,mahalunge,godrej properties,godrej hills retreat,strategically located mahalunge quaint nature loving yet connected suburb godrej hills retreat welcomes experience height high,1,1,1,1,1,1,1,975.0,95.0,73.55555555555556,7,72.66666666666667,5,3,2,0,0,0,0,0,0,0,0,0,0
pune,maharashtra,india,2.0,balewadi,anp corp,anp universe,boasts elegant towers stories offering bedroom balewadi quality specification great community form amenities like equipped clubhouse landscape garden,1,0,0,0,1,1,1,894.5,75.0,83.75,4,97.87350515463918,9,0,1,1,1,0,1,0,1,1,1,1,0
pune,maharashtra,india,3.0,balewadi,anp corp,anp universe,boasts elegant towers stories offering bedroom balewadi quality specification great community form amenities like swimming pools club house gym,1,0,0,0,1,1,1,1174.5,100.0,83.75,4,97.87350515463918,9,0,1,1,1,0,1,0,1,1,1,1,0
pune,maharashtra,india,2.0,ravet,urban space creator,urban skyline,urban space creator bhk flats ravet new residential construction nestled amongst reputed eon ravet parks world class amanora seasons malls offers flats sale ravet,1,0,0,0,1,1,1,905.0,65.0,86.58333333333333,4,97.87350515463918,11,1,3,0,0,0,0,0,0,0,0,0,1
pune,maharashtra,india,3.0,ravet,urban space creator,urban skyline,one top residential hubs connected parts pimpri talegaon areas like aundh wakad saudagar etc also easily accessible region,1,0,0,0,1,1,1,1125.0,88.0,86.58333333333333,4,97.87350515463918,6,2,4,0,0,0,0,0,0,0,0,0,0
pune,maharashtra,india,4.0,ravet,urban space creator,urban skyline,newly launched podium level amenities speak language great design functionality township nestled intersection three major routes viz old nh highway katraj dehu road mumbai expressway,1,0,0,0,1,1,1,1644.0,135.0,86.58333333333333,4,97.87350515463918,13,1,4,0,0,0,0,0,0,0,0,0,0
pune,maharashtra,india,5.0,ravet,urban space creator,urban skyline,located north western surrounded natural greens gets ample fresh air also offers many temples churches nearby religious activities done also comes package swimming pools gym etc,1,0,0,0,1,1,1,1662.8999999999999,188.0,86.58333333333333,4,97.87350515463918,3,3,8,0,0,0,0,0,0,0,0,0,0
pune,maharashtra,india,6.0,ravet,urban space creator,urban skyline,urban space creator amongst best using modern technology construction superstructure called alu form system wherein walls slabs typical floor gets cast one time,1,0,0,0,1,1,1,1662.8999999999999,188.0,86.58333333333333,4,97.87350515463918,10,2,3,0,0,0,0,0,0,0,0,0,0
pune,maharashtra,india,2.0,baner,vtp reality,vtp cierra,vtp cierra smartly designed bhk apartments vtp reality vtp cierra offers state art amenities time budget friendly,1,0,0,0,1,1,1,753.5,58.0,132.96499999999997,4,97.87350515463918,10,2,0,0,0,0,0,0,0,0,0,0,0
pune,maharashtra,india,3.0,baner,vtp reality,vtp cierra,vtp cierra smartly designed bhk apartments vtp reality various schools colleges hospitals eateries malls banks atm nearby,1,0,0,0,1,1,1,1051.0,95.0,132.96499999999997,4,97.87350515463918,4,2,1,0,0,0,0,0,0,0,0,0,0
pune,maharashtra,india,1.0,mahalunge,vtp reality,vtp blue water,vtp blue water offers state art amenities time budget friendly designed utmost precision planned perfection temples surrounded fresh environment around,1,0,0,0,1,1,1,423.0,40.0,73.55555555555556,4,97.87350515463918,9,1,3,0,0,0,0,0,0,0,0,0,0
pune,maharashtra,india,2.0,mahalunge,vtp reality,vtp blue water,vtp blue wateris designed utmost precision planned perfection strategic location gives close proximity airport business bay kharadi shivajinagar mumbai highway nagar road phoenix market city poona club,1,0,0,0,1,1,1,665.0,58.0,73.55555555555556,4,97.87350515463918,19,0,4,0,0,0,0,0,0,0,0,0,0
pune,maharashtra,india,3.0,mahalunge,vtp reality,vtp blue water,vtp blue water smartly designed bhk apartments vtp reality strategic location gives close proximity airport business bay kharadi shivajinagar mumbai highway nagar road phoenix market city poona club,1,0,0,0,1,1,1,878.5,78.0,73.55555555555556,4,97.87350515463918,19,1,3,0,0,0,0,0,0,0,0,0,0
pune,maharashtra,india,1.0,ravet,waghvani constructions,om mangalam chaitanya,boasts elegant towers stories offering bedroom ravet quality specification great community form amenities like equipped clubhouse swimming pool children play park gym area,1,0,0,0,1,1,1,462.0,36.0,86.58333333333333,4,97.87350515463918,11,0,1,1,1,0,1,0,1,1,1,1,0
pune,maharashtra,india,2.0,ravet,waghvani constructions,om mangalam chaitanya,booming commercial residential growth infrastructural development high appreciation ravet next big destination humongorous om mangalam chaitanya property offers state art amenities time budget friendly,1,0,0,0,1,1,1,666.0,48.0,86.58333333333333,4,97.87350515463918,13,1,7,0,0,0,0,0,0,0,0,0,0
pune,maharashtra,india,2.0,ravet,sukwani associates,sukwani aspire,robust infrastructure quality materials thoughtful design impressive facades hallmark excellence developed godrej properties also come swimming pool gym physical activities,1,0,0,0,1,1,1,750.0,57.0,86.58333333333333,4,97.87350515463918,6,1,5,0,0,0,0,0,0,0,0,0,0
pune,maharashtra,india,3.0,ravet,sukwani associates,sukwani aspire,sukwani aspire flats ravet excellent opportunity rapidly growing residential area great situated ravet sukwani aspire location translates advantageous investment east flourishing location,1,0,0,0,1,1,1,1030.0,79.0,86.58333333333333,4,97.87350515463918,10,1,5,0,0,0,0,0,0,0,0,0,0
pune,maharashtra,india,1.0,kharadi,mantra properties,mantra 29 gold,mantra gold wonderful property offering bedroom apartments ready lifestyle amenities health nature entertainment offers complete package satisfy everyone family short mantra gold best value get money,1,0,0,0,1,0,1,446.0,37.0,66.310625,3,68.51434782608695,13,1,5,0,0,0,0,2,1,0,0,0,0
pune,maharashtra,india,2.0,kharadi,mantra properties,mantra 29 gold,mantra gold wonderful property offering bedroom apartments ready lifestyle amenities health nature entertainment offers complete package satisfy everyone family,1,0,0,0,1,0,1,796.0,57.0,66.310625,3,68.51434782608695,9,0,4,0,0,0,0,1,1,0,0,0,0
pune,maharashtra,india,2.0,kharadi,mantra properties,mantra 29 gold,mantra gold comes connectivity kharadi hub booming industrial belt rajangaon lonikand kharadi fast transforming sought destination easy accessibility airport star hotels lifestyle malls adds greater value convenient happy lifestyle,1,0,0,0,1,0,1,842.0,59.0,66.310625,3,68.51434782608695,14,1,3,0,0,0,0,1,0,0,0,0,0
pune,maharashtra,india,2.0,kharadi,mantra properties,mantra 29 gold,mantra gold offers state art amenities time budget friendly proximity kalyani nagar ranjangaon industrial area hubs kharadi kalyani nagar magarpatta,1,0,0,0,1,0,1,865.0,61.0,66.310625,3,68.51434782608695,11,0,3,0,0,0,0,1,0,0,0,0,0
pune,maharashtra,india,2.0,kharadi,mantra properties,mantra 29 gold,easy access upcoming metro station proposed metro phase linking vanaz ramwadi resident families mantra gold already enjoying happy lifestyle makes best choice,1,0,0,0,1,0,1,902.0,63.0,66.310625,3,68.51434782608695,6,1,7,0,0,0,0,1,0,0,0,0,0
pune,maharashtra,india,2.0,kharadi,mantra properties,mantra 29 gold,mantra properties proudly presents gold standard community imposing storey towers spread sprawling acres close star hotels lifestyle easy connectivity airport,1,0,0,0,1,0,1,1154.0,79.0,66.310625,3,68.51434782608695,4,2,5,0,0,0,0,0,0,0,0,0,0
pune,maharashtra,india,3.0,kharadi,mantra properties,mantra 29 gold,designed p singapore one worlds best architect firms homes seamless blend mantra gold standard lifestyle affordability inside compact bhk apartements offer exceptional lifestyle basic amenities included,1,0,0,0,1,0,1,872.0,61.0,66.310625,3,68.51434782608695,8,0,6,0,0,0,0,1,0,0,0,0,0
pune,maharashtra,india,3.0,kharadi,mantra properties,mantra 29 gold,mantra gold bhk flats kharadi excellent opportunity rapidly growing residential area great amenities area reserved top terrace indoor games children th floor level parking convenience make truly unique,1,0,0,0,1,0,1,934.0,65.0,66.310625,3,68.51434782608695,11,1,6,0,0,0,0,1,0,0,0,0,0
pune,maharashtra,india,3.0,kharadi,mantra properties,mantra 29 gold,mantra gold bhk flats location translates advantageous investment east flourishing location connectivity wadgaon sheri hub booming industrial belt ranjangaon lonikand kharadi near fast transforming sought destination,1,0,0,0,1,0,1,1088.0,73.0,66.310625,3,68.51434782608695,13,0,4,0,0,0,0,1,0,0,0,0,0
pune,maharashtra,india,3.0,kharadi,mantra properties,mantra 29 gold,mantra gold offers stylish bedroom apartments easy accessibility airport star hotels lifestyle malls add greater value convenient happy lifestyle,1,0,0,0,1,0,1,1109.0,76.0,66.310625,3,68.51434782608695,8,0,3,0,0,0,0,1,0,0,0,0,0
pune,maharashtra,india,3.0,kharadi,mantra properties,mantra 29 gold,+ years excellence real estate executing successful commercial residential projects mega townships parks retail malls one best come huge swimming pool built gym recreational club,1,0,0,0,1,0,1,1163.0,80.0,66.310625,3,68.51434782608695,5,1,8,0,0,0,0,0,0,0,0,0,0
pune,maharashtra,india,3.0,kharadi,mantra properties,mantra 29 gold,mantra gold bhk flats kharadi new residential construction nestled amongst reputed eon ravet parks world class amanora seasons malls offers flats sale kharadi,1,0,0,0,1,0,1,1419.0,96.0,66.310625,3,68.51434782608695,10,1,2,0,0,0,0,1,0,0,0,0,1
pune,maharashtra,india,3.0,kharadi,mantra properties,mantra 29 gold,mantra gold one top residential hubs connected parts pimpri talegaon areas like aundh wakad etc also easily accessible region,1,0,0,0,1,0,1,1485.0,100.0,66.310625,3,68.51434782608695,5,2,4,0,0,0,0,1,0,0,0,0,0
pune,maharashtra,india,2.0,balewadi,mantra properties,mantra monarch,newly launched mantra gold podium level amenities speak language great design township nestled intersection major routes old nh highway mumbai expressway,1,0,0,0,1,1,1,684.0,70.0,83.75,4,97.87350515463918,10,1,5,0,0,0,0,1,0,0,0,0,0
pune,maharashtra,india,3.0,balewadi,mantra properties,mantra monarch,located south western surrounded natural greens gets ample fresh air also offers many temples churches nearby religious activities done also comes package swimming pools gym club house ample amenities etc,1,0,0,0,1,1,1,990.0,90.0,83.75,4,97.87350515463918,4,3,9,0,0,0,0,0,0,0,0,0,0
pune,maharashtra,india,2.0,koregaon park,mantra properties,infinity,infinity amongst best using modern technology construction superstructure called alu form system wherein walls slabs typical floor gets cast one time multipurpose hall outdoor party terrace gymnasium indoor kids play area games room,1,0,0,0,1,1,1,882.0,97.0,108.5,4,97.87350515463918,15,3,3,0,0,0,0,0,0,0,0,0,0
pune,maharashtra,india,3.0,koregaon park,mantra properties,infinity,infinity offers serene peaceful ambience easy connectivity airport close star hotels lifestyle malls like phoenix market city amonora town centre seasons mall,1,0,0,0,1,1,1,1103.0,120.0,108.5,4,97.87350515463918,9,0,4,0,0,0,0,0,0,0,0,0,0
pune,maharashtra,india,1.0,keshav nagar,mantra properties,mantra insignia,mantra insignia bhk flats keshav nagar mantra insignia much nature lover paradise delight aficionados gracious,1,0,0,0,1,1,1,543.0,42.0,49.5,4,97.87350515463918,7,1,4,0,0,0,0,0,0,0,0,0,0
pune,maharashtra,india,2.0,keshav nagar,mantra properties,mantra insignia,manta insignia located prime locality keshav nagar residential property perfect abode prefer away madding crowds yet connected trappings modern,1,0,0,0,1,1,1,963.0,57.0,49.5,4,97.87350515463918,7,2,5,0,0,0,0,0,0,0,0,0,0
pune,maharashtra,india,1.0,kirkatwadi sinhagad road,mantra properties,7hills,brilliant architecture spectacular designs marvellous finesse yet notch lower defines hills kirkatwadi sinhagad road enwrapped swarovski glamour edifices host bedroom luxury apartments kirkatwadi sinhagad road punes burgeoning east,1,0,0,0,1,1,1,320.0,14.0,20.666666666666668,4,97.87350515463918,8,3,6,0,0,0,0,0,0,0,0,0,0
pune,maharashtra,india,2.0,kirkatwadi sinhagad road,mantra properties,7hills,whether looking cozy comfortable amidst nature astute investment bound give high returns hills qualifies counts swimming pool clubhouse fully equipped gymnasium children play area,1,0,0,0,1,1,1,473.0,22.0,20.666666666666668,4,97.87350515463918,8,1,4,0,0,0,0,0,0,0,0,0,0
pune,maharashtra,india,3.0,kirkatwadi sinhagad road,mantra properties,7hills,hill acre destination kirkatwadi sinhagad road long awaited response progressive luxurious world class projects house premium projects offer lifestyle experiences without urban difficulties pollution traffic space congestion,1,0,0,0,1,1,1,581.0,26.0,20.666666666666668,4,97.87350515463918,12,1,5,0,0,0,0,0,0,0,0,0,1
pune,maharashtra,india,2.0,akurdi,mantra properties,mantra sky tower,mantra sky tower also offers create enthralling experience harmonious sensitive surrounding ecology yet facilitates high quality lifestyle built robust foundations universal design world class infrastructure acre developed multiple phases may contain parks schools hospitals multiplexes much,1,0,0,0,1,1,1,790.0,80.0,109.66666666666667,4,97.87350515463918,10,4,8,0,0,0,0,0,0,0,0,0,1
pune,maharashtra,india,2.0,akurdi,mantra properties,mantra sky tower,mantra sky tower lives name every way sky tower truly surrounded luxury sides yet plays perfect host nature sort loves come luxury obtrusive overbearing delightful joie de vivre disappointed,1,0,0,0,1,1,1,820.0,83.0,109.66666666666667,4,97.87350515463918,11,2,5,0,0,0,0,0,0,0,0,0,0
pune,maharashtra,india,3.0,akurdi,mantra properties,mantra sky tower,mantra sky tower affords unique privilege cocooned private domain away prying world giving swift ready access city needs bright lights whether shopping kid school healthcare minutes drive away,1,0,0,0,1,1,1,989.0,101.0,109.66666666666667,4,97.87350515463918,9,2,8,0,0,0,0,0,0,0,0,0,0
pune,maharashtra,india,3.0,akurdi,mantra properties,mantra sky tower,peninsula provides easy connectivity kothrud baner balewadi hinjewadi park pashan aundh besides mumbai mumbaibengaluru highway ammenities like tennis court multi purpose hall available,1,0,0,0,1,1,1,1003.0,103.0,109.66666666666667,4,97.87350515463918,12,1,4,0,0,0,0,0,0,0,0,0,0
pune,maharashtra,india,3.0,akurdi,mantra properties,mantra sky tower,mantra boasts elegant towers stories offering bedroom akurdi quality specification pleasing design great community form amenities like equipped clubhouse swimming pool children play park landscape garden,1,0,0,0,1,1,1,1182.0,128.0,109.66666666666667,4,97.87350515463918,11,0,3,1,1,0,1,0,1,1,1,1,0
pune,maharashtra,india,5.0,akurdi,mantra properties,mantra sky tower,shopping entertainment education health transport facilities within km vicinity mantra sky tower complete package quality happiness peace mind,1,0,0,0,1,1,1,1579.0,163.0,109.66666666666667,4,97.87350515463918,14,0,2,0,0,0,0,0,0,0,0,0,0
pune,maharashtra,india,0.0,pimpri pune,ravima ventures,the work club,ravima boasts elegant towers stories offering bedroom pimpri quality specification pleasing design great community form amenities like equipped children play park landscape garden,0,0,0,0,1,0,1,163.0,54.0,54.0,2,81.48103448275862,11,0,3,1,1,0,1,0,1,1,1,1,0
pune,maharashtra,india,1.0,tathawade,ravima ventures,newton homes,brilliant architecture spectacular designs marvellous finesse yet notch lower defines hills tathawade enwrapped swarovski glamour edifices host bedroom luxury apartments tathawade punes burgeoning west,0,0,0,0,1,0,1,491.0,39.0,54.0,2,81.48103448275862,6,3,5,0,0,0,0,0,0,0,0,0,0
pune,maharashtra,india,2.0,tathawade,ravima ventures,newton homes,ravima ventures also offers create enthralling experience harmonious sensitive surrounding ecology yet facilitates high quality lifestyle built robust foundations universal design world class infrastructure acre developed multiple phases may contain parks multiplexes much,0,0,0,0,1,0,1,659.0,51.0,54.0,2,81.48103448275862,9,5,7,0,0,0,0,0,0,0,0,0,1
pune,maharashtra,india,2.0,tathawade,ravima ventures,newton homes,newton bhk flats location translates advantageous investment north flourishing location connectivity tathwade hub booming industrial belt tathwade near fast transforming sought destination,0,0,0,0,1,0,1,732.0,60.0,54.0,2,81.48103448275862,11,0,4,0,0,0,0,0,0,0,0,0,0
pune,maharashtra,india,3.0,tathawade,ravima ventures,newton homes,newton homes located prime locality tathwade residential property perfect abode prefer away madding crowds yet connected trappings modern,0,0,0,0,0,0,1,809.0,66.0,54.0,1,62.574285714285715,4,2,5,0,0,0,0,0,0,0,0,0,0
pune,maharashtra,india,1.0,hadapsar,proviso group,lesiure town,presenting proviso group thoughtfully designed architectural marvel essence greek lifestyle every aspect right amidst flourishing neighbourhood hadapsar seamless connectivity uninterrupted views vicinity provides best comfort conveniences,0,0,0,0,1,1,1,460.0,45.5,75.6375,3,68.51434782608695,11,3,4,0,0,0,0,0,0,0,0,0,0
pune,maharashtra,india,2.0,hadapsar,proviso group,lesiure town,leisure town offering bhk flats hadapsar newly launched podium level amenities speak language great design functionality,0,0,0,0,1,1,1,734.0,72.5,75.6375,3,68.51434782608695,9,1,1,0,0,0,0,0,0,0,0,0,0
pune,maharashtra,india,2.0,hadapsar,proviso group,lesiure town,robust infrastructure quality materials thoughtful design impressive facades hallmark excellence developed proviso group swimming pool gym facilities temples churches nearby,0,0,0,0,1,1,1,753.0,73.5,75.6375,3,68.51434782608695,8,1,3,0,0,0,0,0,0,0,0,0,0
pune,maharashtra,india,2.0,hadapsar,ravima ventures,newton homes,ravima boasts elegant towers stories offering bedroom hadapsar quality specification great community form amenities like equipped clubhouse landscape garden,0,0,0,0,1,0,0,675.0,62.0,75.6375,1,62.574285714285715,10,0,2,1,1,0,1,0,1,1,1,1,0
pune,maharashtra,india,3.0,hadapsar,ravima ventures,newton homes,newton homes boasts elegant towers stories offering bedroom hadapsar quality specification great community form amenities like park garden,0,0,0,0,1,0,0,917.0,84.0,75.6375,1,62.574285714285715,8,0,3,1,1,0,1,0,1,1,1,1,0
pune,maharashtra,india,2.0,kiwale,unique properties,k ville,presenting k ville thoughtfully designed architectural marvel essence greek lifestyle every aspect right amidst flourishing neighbourhood kiwale seamless connectivity discover various unique lifestyle avenues catering needs every age group within vibrant community like minded residents,1,0,0,0,1,1,0,670.0,54.14,69.665,3,68.51434782608695,12,4,6,0,0,0,0,0,0,0,0,0,0
pune,maharashtra,india,2.0,kiwale,unique properties,k ville,located prime locality kiwale residential property perfect abode prefer away madding crowds yet connected trappings modern pristine pashan lake virtually neighbour coming soft murmurs lapping waters luxury many privy,1,0,0,0,1,1,0,740.0,58.32,69.665,3,68.51434782608695,7,3,7,0,0,0,0,0,0,0,0,0,0
pune,maharashtra,india,2.5,kiwale,unique properties,k ville,perfect blend luxury convenience connectivity k ville features environment revolves around lifestyle way round located amidst city top social infrastructure address offers unmatched connectivity various landmarks,1,0,0,0,1,1,0,847.0,69.38,69.665,3,68.51434782608695,11,0,8,0,0,0,0,0,0,0,0,0,0
pune,maharashtra,india,2.5,kiwale,unique properties,k ville,bhk residences every feature thoughtfully planned keeping loved ones mind unique believe key true happiness lies spending quality time near ones even amenities spread across sq ft leave plenty avenues discover fun side life,1,0,0,0,1,1,0,936.0,75.03,69.665,3,68.51434782608695,10,2,4,0,0,0,0,0,0,0,0,0,0
pune,maharashtra,india,3.0,kiwale,unique properties,k ville,located beautiful upscale locale kiwale stands true symbol tasteful luxurious lavish thoughtfully designed multi storied consists units apartments features dedicated wardrobe niches master bedroom branded bathroom fittings space efficient modular kitchen large space,1,0,0,0,1,1,0,990.0,79.02,69.665,3,68.51434782608695,10,1,10,0,0,0,0,0,0,0,0,0,0
pune,maharashtra,india,3.0,kiwale,unique properties,k ville,offering configurations flats kiwale located away hustle bustle city life gear calmer peaceful environs happycity k villenow,1,0,0,0,1,1,0,1032.0,82.1,69.665,3,68.51434782608695,6,1,3,0,0,0,0,0,0,0,0,0,0
pune,maharashtra,india,3.0,kayani nagar,sagitarius ecospaces llp,bluegrass residences,boasts elegant towers stories offering bedroom model colony kalyani nagar quality specification pleasing design great community form amenities like equipped clubhouse children play area senior citizen area,1,0,0,0,1,1,1,1662.8999999999999,190.29999999999987,190.29999999999987,4,97.87350515463918,12,0,3,1,1,0,1,0,1,1,1,1,0
pune,maharashtra,india,4.0,kayani nagar,sagitarius ecospaces llp,bluegrass residences,boasts elegant towers stories offering bedroom kalyani nagar quality specification pleasing design great community form amenities like equipped clubhouse children play area senior citizen area,1,0,0,0,1,1,1,1662.8999999999999,190.29999999999987,190.29999999999987,4,97.87350515463918,10,0,3,1,1,0,1,0,1,1,1,1,0
pune,maharashtra,india,2.0,pisoli,nirman developers,brookefield willows,brookefield willows offering residential bhk office spaces affordable pricing great strategic location pisoli highway expressway great connectivity,1,0,0,0,1,1,1,670.0,45.75,95.99833333333329,4,97.87350515463918,7,1,5,0,0,0,0,0,0,0,0,0,0
pune,maharashtra,india,2.0,pisoli,nirman developers,brookefield willows,offers elegant bhk homes spell sophistication truest sense every day mesmerised scenic setting meandering indrayani river rollicking hills,1,0,0,0,1,1,1,725.0,49.34,95.99833333333329,4,97.87350515463918,6,0,2,0,0,1,0,0,0,0,0,0,0
pune,maharashtra,india,2.0,pisoli,nirman developers,brookefield willows,offers elegant bhk homes spell sophistication truest sense temples nearby visit spend eveing,1,0,0,0,1,1,1,731.0,49.74,95.99833333333329,4,97.87350515463918,3,1,0,0,0,0,0,0,0,0,0,0,0
pune,maharashtra,india,2.0,pisoli,nirman developers,brookefield willows,offers elegant bhk homes spell sophistication truest sense gear calmer peaceful environs happycity brookfield willows,1,0,0,0,1,1,1,744.0,50.56,95.99833333333329,4,97.87350515463918,7,0,1,0,0,0,0,0,0,0,0,0,0
pune,maharashtra,india,3.0,pisoli,nirman developers,brookefield willows,offers elegant bhk homes spell sophistication truest sense located amidst city top social infrastructure address offers unmatched connectivity various landmarks,1,0,0,0,1,1,1,923.0,190.29999999999987,95.99833333333329,4,97.87350515463918,7,0,5,0,0,0,0,0,0,0,0,0,0
pune,maharashtra,india,3.0,pisoli,nirman developers,brookefield willows,offers elegant bhk homes spell sophistication truest sense discover various unique avenues catering needs every age group within vibrant community like minded residents,1,0,0,0,1,1,1,930.0,190.29999999999987,95.99833333333329,4,97.87350515463918,7,0,3,0,0,0,0,0,0,0,0,0,0
pune,maharashtra,india,1.0,manjri,jhala group,tranquility annexe,tranquility annexe creating homes honor space celebrate bring spacious apartments equipped trending amenities high end specifications,1,0,0,0,1,1,1,446.0,36.0,64.9,4,97.87350515463918,5,0,3,0,0,0,0,0,0,0,0,0,0
pune,maharashtra,india,2.0,manjri,jhala group,tranquility annexe,tranquility annexe happiness confined small spaces runs freely amidst big balconies leaps forward open areas stares joyfully vast skies leave behind compromises space crunches small dreams,1,0,0,0,1,1,1,670.0,55.0,64.9,4,97.87350515463918,3,3,6,0,0,0,0,0,0,0,0,0,0
pune,maharashtra,india,2.5,manjri,jhala group,tranquility annexe,boasts elegant towers stories offering bedroom manjri ammenities like tennis court multi purpose hall available,1,0,0,0,1,1,1,792.0,65.5,64.9,4,97.87350515463918,4,1,2,1,1,0,0,0,1,0,1,1,0
pune,maharashtra,india,2.0,mahalunge,jhala group,mahalunge riviera,mahalunge riviera bring spacious apartments equipped trending amenities high end specifications,1,0,0,0,1,1,1,1180.0,68.0,73.55555555555556,4,97.87350515463918,3,0,2,0,0,0,0,0,0,0,0,0,0
pune,maharashtra,india,2.0,mahalunge,jhala group,mahalunge riviera,mahalunge riviera creating homes honor space celebrate temples nearby visit spend eveing,1,0,0,0,1,1,1,860.0,65.0,73.55555555555556,4,97.87350515463918,4,1,1,0,0,0,0,0,0,0,0,0,0
pune,maharashtra,india,3.0,mahalunge,jhala group,mahalunge riviera,mahalunge riviera creating homes honor space celebrate discover various unique lifestyle avenues catering needs every age group within vibrant like minded residents,1,0,0,0,1,1,1,988.0,92.0,73.55555555555556,4,97.87350515463918,9,0,3,0,0,0,0,0,0,0,0,0,0
pune,maharashtra,india,3.0,mahalunge,jhala group,mahalunge riviera,mahalunge riviera creating homes honor space celebrate even amenities spread sq ft leave plenty avenues discover fun side life,1,0,0,0,1,1,1,1093.0,92.0,73.55555555555556,4,97.87350515463918,7,1,3,0,0,0,0,0,0,0,0,0,0
pune,maharashtra,india,1.0,handewadi,jhala group,simplicity,simplicity situated entrance close access old new highway simplicity endeavor boasts high quality product class cn heights la p+ story residential building three towers spread acres land units bhk total,1,0,0,0,1,0,1,456.0,33.5,45.68818181818182,3,68.51434782608695,12,0,7,0,0,0,0,0,0,0,0,0,0
pune,maharashtra,india,2.0,handewadi,jhala group,simplicity,simplicity situated entrance close access old new highway simplicity endeavor boasts high quality product class cn heights la p+ story residential building three towers spread acres land units also come temples religious plces nearby,1,0,0,0,1,0,1,644.0,47.3,45.68818181818182,3,68.51434782608695,12,2,7,0,0,0,0,0,0,0,0,0,0
pune,maharashtra,india,2.5,handewadi,jhala group,simplicity,simplicity situated entrance close access old new highway cn heights p+ story residential three towers spread acres land units bhk total,1,0,0,0,1,0,1,785.0,55.22,45.68818181818182,3,68.51434782608695,5,0,6,0,0,0,0,0,0,0,0,0,0
pune,maharashtra,india,3.0,koregoan,shroff developers,aureta,come claim dream space right sized accommodate dreams ideas activities enhanced size meticulous planning utmost space optimization aureta extra edge space style explore dream decor,0,0,0,0,1,1,1,1060.0,136.0,139.5,3,68.51434782608695,12,1,6,0,0,0,0,0,0,0,0,0,0
pune,maharashtra,india,3.5,koregoan,shroff developers,aureta,avani excellent combination cool connectivity hot lifestyle rare residential opportunity store appreciation much,0,0,0,0,1,1,1,113.0,143.0,139.5,3,68.51434782608695,5,1,7,0,0,0,0,0,0,0,0,0,0
pune,maharashtra,india,2.0,mundhwa,unique properties,unique legacy royale,fired desire create thoughtfully designed homes value innovation unique properties unique legacy royale incorporates contemporary designs lifestyle features community amenities appeal everyone,0,0,0,0,1,0,1,664.0,47.59,47.804,2,81.48103448275862,8,1,4,0,0,0,0,0,0,0,0,0,0
pune,maharashtra,india,2.0,mundhwa,unique properties,unique legacy royale,offers childrens play area landscaped gardens host extravagant amenities earthquake resistant framed structure top quality paint woodwork generator backup premium quality modular switches etc quite literally dream seen open eyes step arcus life,0,0,0,0,1,0,1,670.0,47.7,47.804,2,81.48103448275862,13,3,5,0,0,0,0,0,0,0,0,0,0
pune,maharashtra,india,2.0,mundhwa,unique properties,unique legacy royale,elevation stands sets apart experience architecture smartly sketched layout unique legacy royale property masterpiece stand cluster upscale homes complemented good set amenities,0,0,0,0,1,0,1,673.0,47.8,47.804,2,81.48103448275862,8,3,4,0,0,0,0,0,0,0,0,0,0
pune,maharashtra,india,2.0,mundhwa,unique properties,unique legacy royale,outer row shops frontal area definitely add lot value convenient shopping doorstep desired status set distinctively apart social acquaitances,0,0,0,0,1,0,1,682.0,47.91,47.804,2,81.48103448275862,8,3,3,0,0,0,0,0,0,0,0,0,0
pune,maharashtra,india,2.0,mundhwa,unique properties,unique legacy royale,unique legacy royale heart city forever landscaped ground amenities spaces zero level recreational leisure zones terrace level myriad routes explore en route never ending delight,0,0,0,0,1,0,1,698.0,48.02,47.804,2,81.48103448275862,10,2,3,0,0,0,0,0,0,0,0,0,0
pune,maharashtra,india,3.0,nibm,kundan spaces,presidia,feel stresses daily life fall away enter attractive elevation main gate automatic elevators level security digital locking system main door video door phone intercom facility invertor backup flat,1,0,0,0,1,1,1,1239.0,161.0,145.57499999999996,4,97.87350515463918,16,2,7,0,0,0,0,0,0,0,0,0,0
pune,maharashtra,india,3.0,nibm,kundan spaces,presidia,presidia provision piped gas mngl firefighting systems emergency alarams solar water systems provision common dish antenna,1,0,0,0,1,1,1,1315.0,170.0,145.57499999999996,4,97.87350515463918,8,0,3,0,0,0,0,0,0,0,0,0,0
pune,maharashtra,india,3.0,nibm,kundan spaces,presidia,urban lifestyle comes chaos everyone trying reach somewhere presenting new residential address nibm melt chaos calm,1,0,0,0,1,1,1,1388.0,178.0,145.57499999999996,4,97.87350515463918,6,1,4,0,0,0,0,0,0,0,0,0,0
pune,maharashtra,india,3.0,nibm,kundan spaces,presidia,located amidst greens city exactly wish reach end day serene cocoon fun complementary ready unwind swamp premium facilities posh lifestyle every day accept pass breathe peace,1,0,0,0,1,1,1,1463.0,187.0,145.57499999999996,4,97.87350515463918,11,1,7,0,0,1,0,0,0,0,0,0,0
pune,maharashtra,india,3.5,nibm,kundan spaces,presidia,time break monotony presidia presidia ones dare dream motivation achieve believe individuals big aspirations greater chance success compared dream,1,0,0,0,1,1,1,1662.8999999999999,190.29999999999987,145.57499999999996,4,97.87350515463918,8,0,3,0,0,0,0,0,0,0,0,0,0
pune,maharashtra,india,3.5,nibm,kundan spaces,presidia,experience knowledge created homes never let stop dreaming kundan spaces created complex boasts highest standards quality precision engineering unbreakable promise comfortable happy lifestyle,1,0,0,0,1,1,1,1662.8999999999999,190.29999999999987,145.57499999999996,4,97.87350515463918,7,2,5,0,0,0,0,0,0,0,0,0,0
pune,maharashtra,india,1.0,bt kawade rd,kundan spaces,eternia 2.0,eternia designed taking consideration demands modern nuclear families addition keshavnagar area one rapidly developing offer ease conveyance near kharadi magarpatta city koregaon park viman nagar hadapsar,1,0,0,0,1,1,1,575.0,65.0,106.049,4,97.87350515463918,14,1,3,0,0,0,0,0,0,0,0,0,0
pune,maharashtra,india,2.0,bt kawade rd,kundan spaces,eternia 2.0,eternia rest assured found perfect safe family firefighting systems emergency alarams solar water systems provision commonantenna,1,0,0,0,1,1,1,751.0,84.0,106.049,4,97.87350515463918,7,0,3,0,0,0,0,0,0,0,0,0,0
pune,maharashtra,india,2.0,bt kawade rd,kundan spaces,eternia 2.0,storeys grandeur await bt kawade rd thriving urban set teeming modern conveniences easily accessible mumbai expressway kundan spaces hallmarks kool thoughtful design,1,0,0,0,1,1,1,761.0,85.0,106.049,4,97.87350515463918,3,2,7,0,0,0,0,0,0,0,0,0,0
pune,maharashtra,india,2.0,bt kawade rd,kundan spaces,eternia 2.0,expensive green spaces enriching facilities extravagant amenities much inspired pursuit delight customer created eternia emblem honour pride satisfaction,1,0,0,0,1,1,1,871.0,96.0,106.049,4,97.87350515463918,7,1,3,0,0,0,0,0,0,0,0,0,0
pune,maharashtra,india,3.0,bt kawade rd,kundan spaces,eternia 2.0,strategically located bt kawade rd quaint nature loving yet connected suburb eternia welcomes experience height high standing storeys tall assures healthier happier life amidst greenery incredible scenery,1,0,0,0,1,1,1,1166.0,129.0,106.049,4,97.87350515463918,11,4,3,0,0,0,0,0,0,0,0,0,0
pune,maharashtra,india,3.0,bt kawade rd,kundan spaces,eternia 2.0,bid goodbye pollution traffic long commutes city noises embrace rises rest address dreams come true families bond forever time always friend never enemy,1,0,0,0,1,1,1,1206.0,133.0,106.049,4,97.87350515463918,8,3,2,0,0,0,0,0,0,0,0,0,0
pune,maharashtra,india,3.0,bt kawade rd,kundan spaces,eternia 2.0,booming commercial residential growth infrastructural development high appreciation kundan spaces next big destination,1,0,0,0,1,1,1,1272.0,139.0,106.049,4,97.87350515463918,5,1,5,0,0,0,0,0,0,0,0,0,0
pune,maharashtra,india,3.0,bt kawade rd,kundan spaces,eternia 2.0,say live true precious life gives much needed impetus transcend limits explore joy fullest eternia,1,0,0,0,1,1,1,1279.0,140.0,106.049,4,97.87350515463918,4,3,3,0,0,0,0,0,0,0,0,0,0
pune,maharashtra,india,2.0,undri,venkatesh bhoomi construction,bliss solitaire,bliss solitaire located perfect hotspot undri treasure invigorating experiences unlock spacious embrace inclusive one life,0,0,0,0,1,0,0,646.0,43.2,45.3,1,62.574285714285715,5,1,5,0,0,0,0,0,0,0,0,0,0
pune,maharashtra,india,2.0,undri,venkatesh bhoomi construction,bliss solitaire,ever wondered live midst pristine purity nature refreshing bliss waking sunrise clean un polluted air symphony birdsong bliss solitaire situated entrance close access old new highway,0,0,0,0,1,0,0,717.0,47.4,45.3,1,62.574285714285715,13,1,6,0,0,0,0,0,0,0,0,0,0
pune,maharashtra,india,1.0,handewadi,lush life,impero,impero endeavor boasts high quality product class cn heights la p+ story residential building three towers spread acres land units bhk total,0,0,0,0,1,0,0,436.0,30.58,45.68818181818182,1,62.574285714285715,8,0,4,0,0,0,0,0,0,0,0,0,0
pune,maharashtra,india,2.0,handewadi,lush life,impero,impero enjoys best world active business cultural spiritual life known easy access reputed schools health facilities,0,0,0,0,1,0,0,637.0,43.49,45.68818181818182,1,62.574285714285715,6,0,4,0,0,0,0,0,0,0,0,0,0
pune,maharashtra,india,2.0,handewadi,lush life,impero,impero provides ample space common areas amenities design allows free flow without interference movement vehicles separate walking areas leaving away fumes noise vehicles,0,0,0,0,1,0,0,642.0,43.83,45.68818181818182,1,62.574285714285715,5,2,5,0,0,0,0,0,0,0,0,0,0
pune,maharashtra,india,2.0,handewadi,lush life,impero,grand entrance gate security cabin paved entrance avenue landscaping exquisite homes come lavish amenities features make life best,0,0,0,0,1,0,0,655.0,44.44,45.68818181818182,1,62.574285714285715,7,0,3,0,0,0,0,0,0,0,0,0,0
pune,maharashtra,india,2.0,handewadi,lush life,impero,experience luxury lap nature impero traffic noises replaced chirping birds distressed evenings replaced refreshing dips pool hectic nights replaced calm serene environment,0,0,0,0,1,0,0,668.0,45.52,45.68818181818182,1,62.574285714285715,6,1,4,0,0,0,0,0,0,0,0,0,0
pune,maharashtra,india,3.0,handewadi,lush life,impero,located rapidly developing suburb handewadi impero promises transform life countless ways surrounded lush greenery open skies luxurious amenities impero allows upgrade life like never,0,0,0,0,1,0,0,810.0,54.0,45.68818181818182,1,62.574285714285715,7,2,5,0,0,0,0,0,0,0,0,0,0
pune,maharashtra,india,2.0,karvanagar,maha anand pinnac associates,river dale residency,river dale residency residential development karvanagar built maha anand pinnac associates provide bhk bhk apartments necessities basic amenities,0,0,0,0,1,0,1,735.0,111.0,135.8,2,81.48103448275862,8,0,3,0,0,0,0,0,0,0,0,0,0
pune,maharashtra,india,2.0,karvanagar,maha anand pinnac associates,river dale residency,boasts elegant towers stories offering bedroom karvanagar quality specification pleasing design great community,0,0,0,0,1,0,1,783.0,118.0,135.8,2,81.48103448275862,6,0,1,1,1,0,1,0,1,1,1,1,0
pune,maharashtra,india,2.0,karvanagar,maha anand pinnac associates,river dale residency,health transport facilities within km vicinity river dale residency complete package quality happiness peace mind,0,0,0,0,1,0,1,805.0,121.0,135.8,2,81.48103448275862,10,0,3,0,0,0,0,0,0,0,0,0,0
pune,maharashtra,india,3.0,karvanagar,maha anand pinnac associates,river dale residency,modern day paradise river dale residency nature unravels pristine form offers elegant bhk homes spell sophistication truest sense,0,0,0,0,1,0,1,1074.0,162.0,135.8,2,81.48103448275862,10,1,3,0,0,0,0,0,0,0,0,0,0
pune,maharashtra,india,3.0,karvanagar,maha anand pinnac associates,river dale residency,every day mesmerised scenic setting meandering indrayani river paceful environs rollicking hills eco riendly outlook yet exquisite design embellished top notch amenities make way top class lifestyle luxurious within yor reach,0,0,0,0,1,0,1,1111.0,167.0,135.8,2,81.48103448275862,10,3,7,0,0,1,0,0,0,0,0,0,0
pune,maharashtra,india,1.0,nibm,vasupujya corporation,neco beaumont,spaces designed give ultimate joy truly space gives nothing happiness right blend affordability affinity amenities,1,0,0,0,1,0,1,535.0,36.0,145.57499999999996,3,68.51434782608695,6,2,2,0,0,0,0,0,0,0,0,0,0
pune,maharashtra,india,2.0,nibm,vasupujya corporation,neco beaumont,bhk flats prices go easy pocket affinity happening hot spots city amenities help lead comfortable life thus making neco beaumont full spaces filled happiness,1,0,0,0,1,0,1,725.0,52.0,145.57499999999996,3,68.51434782608695,6,2,6,0,0,0,0,0,0,0,0,0,0
pune,maharashtra,india,2.0,magarpatta,ace constructions,anutham,anutham premium residential strategically located beautiful upscale locale ofmagarpatta stands true symbol tasteful luxurious,1,0,0,0,1,0,0,810.0,79.0,88.0,2,81.48103448275862,5,1,6,0,0,0,0,0,0,0,0,0,0
pune,maharashtra,india,3.0,magarpatta,ace constructions,anutham,lavish thoughtfully designed multi storied consists units bhk bhk apartments features dedicated wardrobe niches master bedroom branded bathroom fittings space efficient modular kitchen large space,1,0,0,0,1,0,0,947.0,97.0,88.0,2,81.48103448275862,9,1,4,0,0,0,0,0,0,0,0,0,0
pune,maharashtra,india,2.0,hinjewadi,shapoorji paloonji,sensorium,prime heart south experience top world feeling every time ensconced comfort wrapped delight prime location clean refreshing ambiences hinjewadi surrounded nature surprisingly close central business district mg road,1,0,0,0,1,1,1,697.0,68.06,87.52666666666667,4,97.87350515463918,12,2,8,0,0,0,0,0,0,0,0,0,0
pune,maharashtra,india,2.0,hinjewadi,shapoorji paloonji,sensorium,ensconced centrally located area koregaon park annexe sensorium easily accessible top parks public transport hubs many,1,0,0,0,1,1,1,711.0,68.41,87.52666666666667,4,97.87350515463918,5,2,5,0,0,0,0,0,0,0,0,0,0
pune,maharashtra,india,2.0,hinjewadi,shapoorji paloonji,sensorium,new sensorium provides perks comforts conveniences premier housing locations without tugging hard pocket,1,0,0,0,1,1,1,792.0,78.0,87.52666666666667,4,97.87350515463918,3,0,2,0,0,0,0,0,0,0,0,0,0
pune,maharashtra,india,3.0,hinjewadi,shapoorji paloonji,sensorium,presenting sensorium kohinoor hinjewadi premium residential address houses bhks north eastern built strategic view lace life opulent everything sensorium delight families wish stay connected world,1,0,0,0,1,1,1,980.0,98.87,87.52666666666667,4,97.87350515463918,12,0,5,0,0,0,0,0,0,0,0,0,0
pune,maharashtra,india,2.0,hinjewadi,shapoorji paloonji,sensorium,thoughtfully located one fastest growing corners city serves premiumness platter life enriching amenities basic requirements sensorium,1,0,0,0,1,1,1,1400.0,140.0,87.52666666666667,4,97.87350515463918,3,1,3,0,0,0,0,0,0,0,0,0,0
pune,maharashtra,india,3.0,hinjewadi,shapoorji paloonji,sensorium,perfect amalgamation affordability contemporary luxuries located hinjewadi location km hadapsar renowned truly remarkable phursungi park,1,0,0,0,1,1,1,1662.8999999999999,177.0,87.52666666666667,4,97.87350515463918,7,1,4,0,0,0,0,0,0,0,0,0,0
pune,maharashtra,india,2.0,hadapsar,wellwisher apartments,kiarah terrazo,hadapsar highly developed area known one hotspots city location phursungi enjoys infrastructural developments hadapsar time avails advantage unparalleled affordability thus making ideal residential locale,0,0,0,0,1,0,0,732.0,68.8,75.6375,1,62.574285714285715,8,2,8,0,0,0,0,0,0,0,0,0,0
pune,maharashtra,india,2.0,hadapsar,wellwisher apartments,kiarah terrazo,kiarah terrazo striven create utopia leisures every one residents unparalleled profusion world class amenities oered homes sure profound eect pursuit towards leading cherished lifestyle,0,0,0,0,1,0,0,751.0,68.8,75.6375,1,62.574285714285715,6,0,6,0,0,0,0,0,0,0,0,0,1
pune,maharashtra,india,5.0,hadapsar,wellwisher apartments,kiarah terrazo,fastest growing property hotspot kiarah terrazo offers strategic address perfect lifestyle upgrade coming real estate leaders wellwisher apartments offers upscaled phase luxuriously spacious bhk homes,0,0,0,0,1,0,0,1662.0,130.0,75.6375,1,62.574285714285715,9,1,6,0,0,0,0,0,0,0,0,0,0
pune,maharashtra,india,2.0,ravet,dolphin group,dolphin garima,delights smart connectivity essential destinations luxury balanced location bustling growth perfect address make boss move,0,0,0,0,0,0,1,705.0,48.0,86.58333333333333,1,62.574285714285715,7,0,2,0,0,0,0,0,0,0,0,0,0
pune,maharashtra,india,2.0,ravet,dolphin group,dolphin garima,discover lifestyle dolphin garima nothing comes quite close best best rarest rare offer something divine world experience freedom altogether new kind,0,0,0,0,0,0,1,726.0,51.0,86.58333333333333,1,62.574285714285715,10,3,5,0,0,0,0,0,0,0,0,0,0
pune,maharashtra,india,2.0,ravet,dolphin group,dolphin garima,world positive energy healthy vibes ensure strong family bonding inspire community shares cares uniquely different homes dolphin garima,0,0,0,0,0,0,1,809.0,56.0,86.58333333333333,1,62.574285714285715,6,2,4,0,0,0,0,0,0,0,0,0,0
pune,maharashtra,india,2.0,vimannagar,oxy buildcorp,oxy beaumonde,presenting oxy beaumonde located strategic location oxy beaumonde offers life utmost comfort convenience location offer excellent connectivity many important locations western location even architecture planning give thousand reasons make oxy beaumonde,1,0,0,0,1,1,1,734.0,95.0,127.5,4,97.87350515463918,12,1,8,0,0,0,0,0,0,0,0,0,0
pune,maharashtra,india,2.0,vimannagar,oxy buildcorp,oxy beaumonde,oxy beaumonde acre destination charholi long awaited response progressive luxurious world class projects house premium projects offer lifestyle experiences,1,0,0,0,1,1,1,793.0,110.0,127.5,4,97.87350515463918,8,1,5,0,0,0,0,0,0,0,0,0,1
pune,maharashtra,india,2.0,vimannagar,oxy buildcorp,oxy beaumonde,oxy beaumonde also offers create enthralling experience harmonious sensitive surrounding ecology yet facilitates high quality lifestyle built robust foundations universal design world class infrastructure,1,0,0,0,1,1,1,904.0,118.0,127.5,4,97.87350515463918,8,2,7,0,0,0,0,0,0,0,0,0,1
pune,maharashtra,india,3.0,vimannagar,oxy buildcorp,oxy beaumonde,every oxy beaumonde triumph design thinking atenntion requirements ultimate user resident homes different one unique art design,1,0,0,0,1,1,1,1154.0,146.0,127.5,4,97.87350515463918,8,0,4,0,0,0,0,0,0,0,0,0,0
pune,maharashtra,india,3.0,vimannagar,oxy buildcorp,oxy beaumonde,oxy buildcorp taken notch higher developments newer demands design also adapted theoxy beaumonde come discover refreshingly delightful space,1,0,0,0,1,1,1,1168.0,147.0,127.5,4,97.87350515463918,5,3,3,0,0,0,0,0,0,0,0,0,0
pune,maharashtra,india,3.0,vimannagar,oxy buildcorp,oxy beaumonde,proudly presenting oxy beaumonde located vimannagar oxy beaumonde new address luxury comfort offering choice spacious bhk homes presenting super homes oxy beaumonde,1,0,0,0,1,1,1,1189.0,149.0,127.5,4,97.87350515463918,8,2,6,0,0,0,0,0,0,0,0,0,0
pune,maharashtra,india,1.0,hinjewadi,kohinoor group,sportsville,offer delightful mix planned apartments along exciting amenities homes adorned branded fittings besides experience comfort convenience times,0,0,0,0,1,1,1,479.0,38.68,87.52666666666667,3,68.51434782608695,5,0,2,0,0,0,0,0,0,0,0,0,0
pune,maharashtra,india,2.0,hinjewadi,kohinoor group,sportsville,connectivity prime locations make life blissful book super sportsville destination future,0,0,0,0,1,1,1,693.0,58.0,87.52666666666667,3,68.51434782608695,7,0,2,0,0,0,0,0,0,0,0,0,0
pune,maharashtra,india,2.0,hinjewadi,kohinoor group,sportsville,world world dream world sublime case high quiet contentment every prospect pleases place indulge lightest whims live life abundance deserve,0,0,0,0,1,1,1,725.0,60.72,87.52666666666667,3,68.51434782608695,12,0,3,0,0,0,0,0,0,0,0,0,0
pune,maharashtra,india,2.0,bt kawade rd,kohinoor group,presidenta,presidenta kohinoor group residential offers perfect combination contemporary architecture features provide comfortable,0,0,0,0,1,1,1,808.0,81.49,106.049,3,68.51434782608695,4,0,5,0,0,0,0,0,0,0,0,0,0
pune,maharashtra,india,3.0,bt kawade rd,kohinoor group,presidenta,every presidenta triumph design thinking atenntion requirements ultimate user resident homes different one unique,0,0,0,0,1,1,1,1086.0,108.0,106.049,3,68.51434782608695,6,0,3,0,0,0,0,0,0,0,0,0,0
pune,maharashtra,india,2.0,wadgaon sheri,bhaktamar realities,bhaktamar residency,bhaktamar residency bhaktamar realities residential offers perfect combination contemporary architecture features provide comfortable,1,0,0,0,1,1,1,785.0,74.5,69.12111111111112,4,97.87350515463918,5,0,4,0,0,0,0,0,0,0,0,0,0
pune,maharashtra,india,2.0,wadgaon sheri,bhaktamar realities,bhaktamar residency,galactic scheme perfect harmony high connectivity bustling hubs city kharadi surrounded natural beauty sides ensuring needs safety security utmost privacy taken care,1,0,0,0,1,1,1,844.0,80.59,69.12111111111112,4,97.87350515463918,12,0,4,0,0,0,0,0,0,0,0,0,0
pune,maharashtra,india,2.0,wadgaon sheri,bhaktamar realities,bhaktamar residency,presenting new residential address wadgaon sheri melt chaos calm located amidst greens city exactly wish reach end day serene cocoon fun complementary,1,0,0,0,1,1,1,873.0,83.0,69.12111111111112,4,97.87350515463918,9,1,7,0,0,0,0,0,0,0,0,0,0
pune,maharashtra,india,2.0,susgaon,porwal & anand develkoper,parklane urbanjoy,one finest communities parklane urbanjoy first choice buyers adjacent acres forest array unique amenities upcoming residential property established nibm including smart apartments,1,0,0,0,1,1,1,606.0,47.25,55.24,4,97.87350515463918,3,0,7,0,0,0,0,0,0,0,0,0,0
pune,maharashtra,india,2.0,susgaon,porwal & anand develkoper,parklane urbanjoy,parklane urbanjoy includes bhk smart flats elegant creation porwal anand develkoper amongst high residential locality wonderful creation major porwal anand develkoper amongst high residential locality,1,0,0,0,1,1,1,611.0,47.5,55.24,4,97.87350515463918,10,0,8,0,0,0,0,0,0,0,0,0,0
pune,maharashtra,india,2.0,susgaon,porwal & anand develkoper,parklane urbanjoy,luxury homes go level enlarging terms style property large region upcoming apartments,1,0,0,0,1,1,1,626.0,48.43,55.24,4,97.87350515463918,6,0,2,0,0,0,0,0,0,0,0,0,0
pune,maharashtra,india,2.0,susgaon,porwal & anand develkoper,parklane urbanjoy,parklane urbanjoy inspiring design stirring luxury enveloped verdant surroundings parklane urbanjoy goal deliver developments finely crafted quality finish shine every development inception completion,1,0,0,0,1,1,1,691.0,55.26,55.24,4,97.87350515463918,11,1,4,0,0,0,0,0,0,0,0,0,0
pune,maharashtra,india,3.0,susgaon,porwal & anand develkoper,parklane urbanjoy,parklane urbanjoy ultimate reflection urban chic lifestyle brought porwal anand develkoper hosts lap exclusively designed apartments epitome elegance simplicity parklane urbanjoy comprises every modern amenity required luxury,1,0,0,0,1,1,1,835.0,66.0,55.24,4,97.87350515463918,11,1,7,0,0,0,0,0,0,0,0,0,0
pune,maharashtra,india,3.0,susgaon,porwal & anand develkoper,parklane urbanjoy,parklane urbanjoy ultimate reflection urban chic lifestyle brought porwal anand develkoper parklane urbanjoy comprises every modern amenity required luxury,1,0,0,0,1,1,1,854.0,67.0,55.24,4,97.87350515463918,8,0,6,0,0,0,0,0,0,0,0,0,0
pune,maharashtra,india,2.0,mohammadwadi,porwal  develkoper,khush vista,khush vista magarpatta city located mohammedwadi residential address riverview city mohammedwadi,1,0,0,0,1,0,0,626.0,45.7,45.6,2,81.48103448275862,8,0,2,0,0,0,0,0,0,0,0,0,0
pune,maharashtra,india,2.0,mohammadwadi,porwal  develkoper,khush vista,world world sublime case high quiet contentment every prospect pleases place indulge lightest whims live life abundance deserve,1,0,0,0,1,0,0,715.0,45.5,45.6,2,81.48103448275862,10,0,3,0,0,0,0,0,0,0,0,0,0
pune,maharashtra,india,2.0,dhanori,keystone landmark,oxy eterno,oxy eterno ensures coveted lifestyle offers convenient offers facilities rainwater harvesting power backup property fire sprinklers oxy eterno connected parts city via extensive road,0,0,0,0,1,0,0,692.5,59.0,81.75,1,62.574285714285715,8,1,3,0,0,0,0,0,0,0,0,0,0
pune,maharashtra,india,3.0,dhanori,keystone landmark,oxy eterno,world world dream world sublime case high quiet contentment every prospect pleases place live life abundance deserve,0,0,0,0,1,0,0,968.0,87.0,81.75,1,62.574285714285715,12,0,3,0,0,0,0,0,0,0,0,0,0
pune,maharashtra,india,3.0,dhanori,keystone landmark,oxy eterno,every day come across development stimulates soul inspires senses uplifted greenery around fall love melodious chirps birds soak bliss fresh air day experiences like truly make life magical go ahead embrace,0,0,0,0,1,0,0,996.0,89.0,81.75,1,62.574285714285715,9,3,5,0,0,1,0,0,0,0,0,0,0
pune,maharashtra,india,3.0,dhanori,keystone landmark,oxy eterno,oxy eterno acre destination charholi long awaited response progressive luxurious world class projects house premium projects offer lifestyle experiences without urban difficulties pollution traffic space congestion,0,0,0,0,1,0,0,1038.0,92.0,81.75,1,62.574285714285715,12,1,6,0,0,0,0,0,0,0,0,0,1
pune,maharashtra,india,1.0,bavdhan budruk,puraniks,abitante fiore,abitante fiore offers create enthralling experience harmonious sensitive surrounding ecology yet facilitates high quality lifestyle built robust foundations universal design world class infrastructure,1,0,0,0,1,1,1,489.0,43.8,63.28333333333333,4,97.87350515463918,9,1,5,0,0,0,0,0,0,0,0,0,1
pune,maharashtra,india,2.0,bavdhan budruk,puraniks,abitante fiore,everyabitante fiore triumph design thinking atenntion requirements ultimate user resident homes different basic amenities,1,0,0,0,1,1,1,598.0,55.3,63.28333333333333,4,97.87350515463918,4,1,5,0,0,0,0,0,0,0,0,0,0
pune,maharashtra,india,2.0,bavdhan budruk,puraniks,abitante fiore,abitante fiore taken notch higher developments newer demands design also adapted regency come discover refreshingly delightful space,1,0,0,0,1,1,1,616.0,56.5,63.28333333333333,4,97.87350515463918,5,5,1,0,0,0,0,0,0,0,0,0,0
pune,maharashtra,india,2.0,bavdhan budruk,puraniks,abitante fiore,proudly presenting abitante fiore located bavdhan budruk abitante fiore new address luxury comfort offering choice spacious bhk homes presenting super homes abitante fiore,1,0,0,0,1,1,1,692.0,62.3,63.28333333333333,4,97.87350515463918,9,4,4,0,0,0,0,0,0,0,0,0,0
pune,maharashtra,india,3.0,bavdhan budruk,puraniks,abitante fiore,offer delightful mix planned apartments along exciting amenities homes adorned branded fittings besides experience comfort convenience times,1,0,0,0,1,1,1,867.0,79.3,63.28333333333333,4,97.87350515463918,5,0,2,0,0,0,0,0,0,0,0,0,0
pune,maharashtra,india,3.0,bavdhan budruk,puraniks,abitante fiore,connectivity prime locations make life blissful basic requirements met ultra tech facilities book super abitante fiore destination future,1,0,0,0,1,1,1,908.0,82.5,63.28333333333333,4,97.87350515463918,9,0,3,0,0,0,0,0,0,0,0,0,0
pune,maharashtra,india,3.0,lonavala,puraniks,puraniks sayama,world world dream world sublime case high quiet contentment every prospect pleases place indulge lightest whims live life abundance deserve,1,0,0,0,1,1,1,1624.0,159.0,174.64999999999992,4,97.87350515463918,12,0,3,0,0,0,0,0,0,0,0,0,0
pune,maharashtra,india,4.0,lonavala,puraniks,puraniks sayama,galactic scheme perfect harmony high connectivity bustling hubs city kharadi magarpatta city koregaon park viman nagar hadapsar surrounded natural beauty sides ensuring needs safety security utmost privacy taken care,1,0,0,0,1,1,1,1662.8999999999999,190.29999999999987,174.64999999999992,4,97.87350515463918,18,0,4,0,0,0,0,0,0,0,0,0,0
pune,maharashtra,india,2.0,handewadi,majestique landmarks,rhythm county,wisdom park balewadi chandrarang developers sai shraddha associates residential offers perfect combination contemporary architecture features provide comfortable,0,0,0,0,1,1,0,727.0,45.74,45.68818181818182,2,81.48103448275862,7,0,4,0,0,0,0,0,0,0,0,0,0
pune,maharashtra,india,3.0,handewadi,majestique landmarks,rhythm county,urban lifestyle comes chaos everyone trying reach somewhere presenting new residential address handewadito melt chaos calm,0,0,0,0,1,1,0,923.0,58.95,45.68818181818182,2,81.48103448275862,6,1,4,0,0,0,0,0,0,0,0,0,0
pune,maharashtra,india,2.0,manjri,kalpataru,kalpataru serenity,located amidst greens city exactly wish reach end day serene cocoon fun complementary ready unwind swamp premium facilities posh lifestyle every day kalpataru serenity,1,0,0,0,1,1,1,731.5,59.0,64.9,4,97.87350515463918,9,1,7,0,0,1,0,0,0,0,0,0,0
pune,maharashtra,india,3.0,manjri,kalpataru,kalpataru serenity,kalpataru biggest opportunity nibm india trusted developer one finest communities kalpataru first choice buyers adjacent acres forest array unique amenities upcoming residential property established nibm,1,0,0,0,1,1,1,1073.5,109.0,64.9,4,97.87350515463918,6,0,4,0,0,0,0,0,0,0,0,0,0
pune,maharashtra,india,2.0,kharadi,vijaya laxmi creations,satyam shivam,vijaya laxmi creations includes bhk smart flats elegant creation realty vijaya laxmi creations amongst high residential locality wonderful creation major realty vijaya laxmi creations amongst high residential locality,1,0,0,0,1,0,1,408.0,39.99,66.310625,3,68.51434782608695,9,0,12,0,0,0,0,0,0,0,0,0,0
pune,maharashtra,india,2.0,kharadi,vijaya laxmi creations,satyam shivam,luxury homes go level enlarging terms style property large region upcoming apartments satyam shivam right choice,1,0,0,0,1,0,1,546.0,53.99,66.310625,3,68.51434782608695,6,1,4,0,0,0,0,0,0,0,0,0,0
pune,maharashtra,india,2.0,kharadi,vijaya laxmi creations,satyam shivam,satyam shivam inspiring design stirring luxury enveloped verdant surroundings satyam shivam goal deliver developments finely crafted quality finish shine every development inception completion,1,0,0,0,1,0,1,629.0,59.99,66.310625,3,68.51434782608695,11,1,3,0,0,0,0,0,0,0,0,0,0
pune,maharashtra,india,1.0,wadgaon sheri,vijaya laxmi creations,satyam serenity,satyam serenity ultimate reflection urban chic lifestyle brought satyam serenity hosts lap exclusively designed apartments epitome elegance simplicity satyam serenity world comprises every modern amenity required luxury,1,0,0,0,1,0,1,378.0,33.0,69.12111111111112,3,68.51434782608695,10,1,7,0,0,0,0,0,0,0,0,0,0
pune,maharashtra,india,1.0,wadgaon sheri,vijaya laxmi creations,satyam serenity,satyam serenity vijaya laxmi creations located wadgaon sheri residential address satyam serenity loni kalbhor satyam serenity ensures coveted lifestyle offers convenient offers facilities rainwater harvesting power backup property fire sprinklers,1,0,0,0,1,0,1,494.0,47.0,69.12111111111112,3,68.51434782608695,13,0,6,0,0,0,0,0,0,0,0,0,0
pune,maharashtra,india,2.0,wadgaon sheri,vijaya laxmi creations,satyam serenity,satyam serenity connected parts city via extensive road also ammenties premium scale offers lot,1,0,0,0,1,0,1,780.0,70.0,69.12111111111112,3,68.51434782608695,5,1,3,0,0,0,0,0,0,0,0,0,0
pune,maharashtra,india,2.0,wadgaon sheri,vijaya laxmi creations,satyam serenity,every day come across development stimulates soul inspires senses uplifted greenery around fall love melodious chirps birds soak bliss fresh air day experiences like truly make life magical go ahead embrace,1,0,0,0,1,0,1,850.0,73.0,69.12111111111112,3,68.51434782608695,9,3,5,0,0,1,0,0,0,0,0,0,0
pune,maharashtra,india,2.0,wadgaon sheri,vijaya laxmi creations,satyam serenity,wonderful taste serenity said found love create around ample lighting unlimited ventilation plentiful privacy splendid calm oasis unlimited peace happiness midst hustling city,1,0,0,0,1,0,1,900.0,78.0,69.12111111111112,3,68.51434782608695,12,0,6,0,0,0,0,0,0,0,0,0,0
pune,maharashtra,india,2.0,wadgaon sheri,vijaya laxmi creations,satyam serenity,palatial celebration effortless splendid located cusp baner close proximity famous schools every civic amenity imaginable spend less time road,1,0,0,0,1,0,1,930.0,83.0,69.12111111111112,3,68.51434782608695,11,0,4,0,0,0,0,0,0,0,0,0,0
pune,maharashtra,india,3.0,baner,kalpataru,jade residences,jade residences unique landmark luxury simplicity elegant crafted deliver finest life offer choicest understands lives way life,0,0,0,0,1,1,0,1272.5,175.0,132.96499999999997,2,81.48103448275862,8,0,3,0,0,0,0,0,0,0,0,0,0
pune,maharashtra,india,3.5,baner,kalpataru,jade residences,comfort locality enables peaceful times quick commute neighbourhood friendly thriving happy spacious smartly planned affordably priced glimpse world jade residences,0,0,0,0,1,1,0,1662.8999999999999,190.29999999999987,132.96499999999997,2,81.48103448275862,7,3,4,0,0,0,0,0,0,0,0,0,0
pune,maharashtra,india,4.5,baner,kalpataru,jade residences,confidence comes conviction conviction best practices implemented projects ones implemented globally jade residences,0,0,0,0,1,1,0,1662.8999999999999,190.29999999999987,132.96499999999997,2,81.48103448275862,2,1,2,0,0,0,0,0,0,0,0,0,0
pune,maharashtra,india,1.0,bavdhan,vijaya laxmi infrarealtors,satyam shery,spread acres satyam shery comprises contemporary towers key amenities including modern clubhouse pool residences offer stunning views urbanscape almost open area beautifully landscaped,1,0,0,0,1,0,0,405.0,39.49,58.044000000000004,2,81.48103448275862,6,2,5,0,0,0,0,0,0,0,0,0,0
pune,maharashtra,india,1.0,bavdhan,vijaya laxmi infrarealtors,satyam shery,every day come across development stimulates soul inspires senses soak bliss fresh air day experiences like truly make life magical go ahead embrace,1,0,0,0,1,0,0,408.0,39.49,58.044000000000004,2,81.48103448275862,6,3,4,0,0,1,0,0,0,0,0,0,0
pune,maharashtra,india,1.0,bavdhan,vijaya laxmi infrarealtors,satyam shery,consists beautiful designed bhk apartments excellent quality construction modern amenities refreshing nature satyam shery fullfills needs every family think,1,0,0,0,1,0,0,392.0,39.49,58.044000000000004,2,81.48103448275862,5,0,4,0,0,0,0,0,0,0,0,0,0
pune,maharashtra,india,2.0,bavdhan,vijaya laxmi infrarealtors,satyam shery,urbania mangalam offers life calm serenity benefits city life superbly connected areas located near famous divine place sant dnyaneshwar temple alandi close shree aniruddha bapu upasana temple,1,0,0,0,1,0,0,667.0,64.99,58.044000000000004,2,81.48103448275862,10,1,8,0,0,0,0,0,0,0,0,0,0
pune,maharashtra,india,2.0,bavdhan,vijaya laxmi infrarealtors,satyam shery,satyam shrey residential comprising bhk units single tower comprising total units distributed equally floors apartments designed specifically keeping mind requirements optimum utilization usable space,1,0,0,0,1,0,0,641.0,64.99,58.044000000000004,2,81.48103448275862,5,2,6,0,0,0,0,0,0,0,0,0,0
pune,maharashtra,india,2.0,bavdhan,vijaya laxmi infrarealtors,satyam shery,vijaya laxmi infrarealtors aspirational residential bavdhan one fastest growing suburbs beautifully designed people settle less residential development array features,1,0,0,0,1,0,0,665.0,64.99,58.044000000000004,2,81.48103448275862,5,2,3,0,0,0,0,0,0,0,0,0,0
pune,maharashtra,india,1.0,talegoan,calyx spaces,atulya kanhe,uplifted greenery around atulya kanhe fall love melodious chirps birds soak bliss fresh air day experiences like truly make life magical go ahead embrace,1,0,0,0,1,1,1,280.0,13.19,15.239999999999998,4,97.87350515463918,7,3,6,0,0,0,0,0,0,0,0,0,0
pune,maharashtra,india,2.0,talegoan,calyx spaces,atulya kanhe,thought things incorporated bhk flats suit modern urban lifestyle incorporated east spread approx acres prime location along magarpatta road,1,0,0,0,1,0,1,385.0,17.29,15.239999999999998,3,68.51434782608695,6,0,5,0,0,0,0,0,0,0,0,0,0
pune,maharashtra,india,2.0,baner,supreme,supreme estia,every day come across development stimulates soul inspires senses uplifted greenery around fall love melodious chirps birds soak bliss fresh air day,1,0,0,0,1,1,1,730.0,87.0,132.96499999999997,4,97.87350515463918,7,0,4,0,0,1,0,0,0,0,0,0,0
pune,maharashtra,india,3.0,baner,supreme,supreme estia,proximity kharadi kalyani nagar koregaon park providing work n fun within easy driving distance east situated near supreme estia several reputed schools vicinity get better,1,0,0,0,1,1,1,1135.0,129.0,132.96499999999997,4,97.87350515463918,9,3,4,0,0,0,0,0,0,0,0,0,0
pune,maharashtra,india,3.0,baner,supreme,supreme estia,supreme estia name emanates feeling exclusivity magnificence premium spice inspired essence exclusive gift nature supreme constructions proudly presents supreme estia methodically planned residential bhk apartments accessorized smart specs indulging amenities,1,0,0,0,1,1,1,1350.0,160.0,132.96499999999997,4,97.87350515463918,11,3,6,0,0,0,0,0,0,0,0,0,0
pune,maharashtra,india,4.0,baner,supreme,supreme estia,every day come across development stimulates soul inspires senses uplifted greenery around fall love melodious chirps birds experiences like truly make life magical go ahead embrace,1,0,0,0,1,1,1,1600.0,190.29999999999987,132.96499999999997,4,97.87350515463918,7,3,3,0,0,1,0,0,0,0,0,0,0
pune,maharashtra,india,2.0,baner,tejraaj group,tej elevia,lifestyle abundance fourishes amidst essentials bountiful took best talents planners realty experts along dedication passion love present best work,0,0,0,0,1,1,1,789.0,95.0,132.96499999999997,3,68.51434782608695,4,1,3,0,0,0,0,0,0,0,0,0,0
pune,maharashtra,india,3.0,baner,tejraaj group,tej elevia,proud sure fall love created actualize dreams aspirations exclusive landmark brilliance sophistication basic needs,0,0,0,0,1,1,1,1107.0,135.0,132.96499999999997,3,68.51434782608695,5,0,5,0,0,0,0,0,0,0,0,0,0
pune,maharashtra,india,2.0,baner,vtp reality,vtp solitaire,beautiful collection ultra modern homes defi nitely exceed expectations elite spaces crafted connoisseurs fine taste admire class craft iconic creation basic amenities,1,0,0,0,1,1,1,776.0,90.68,132.96499999999997,4,97.87350515463918,6,1,7,0,0,0,0,0,0,0,0,0,0
